source_name,source_id,campaign_id,participant_link
MoyaApp Business,sa_moyaapp_business,sa_general_moyaapp_business_2026,https://questionpro-audience-recruiter.onrender.com/?audience=South+Africa+research+community&market=South+Africa&reward=Paid+opportunities+may+be+available&source=sa_moyaapp_business&campaign=sa_general_moyaapp_business_2026&audience_id=sa_general&dest=https%3A%2F%2Fresearchpanel.questionpro.com&contact=research-panel%40questionpro.com
Harambee / SA Youth,sa_harambee_sa_youth,sa_general_harambee_sa_youth_2026,https://questionpro-audience-recruiter.onrender.com/?audience=South+Africa+research+community&market=South+Africa&reward=Paid+opportunities+may+be+available&source=sa_harambee_sa_youth&campaign=sa_general_harambee_sa_youth_2026&audience_id=sa_general&dest=https%3A%2F%2Fresearchpanel.questionpro.com&contact=research-panel%40questionpro.com
Existing member referrals,sa_existing_member_referrals,sa_general_existing_member_referrals_2026,https://questionpro-audience-recruiter.onrender.com/?audience=South+Africa+research+community&market=South+Africa&reward=Paid+opportunities+may+be+available&source=sa_existing_member_referrals&campaign=sa_general_existing_member_referrals_2026&audience_id=sa_general&dest=https%3A%2F%2Fresearchpanel.questionpro.com&contact=research-panel%40questionpro.com
MoyaApp data-free ads,sa_moyaapp_data_free_ads,sa_general_moyaapp_data_free_ads_2026,https://questionpro-audience-recruiter.onrender.com/?audience=South+Africa+research+community&market=South+Africa&reward=Paid+opportunities+may+be+available&source=sa_moyaapp_data_free_ads&campaign=sa_general_moyaapp_data_free_ads_2026&audience_id=sa_general&dest=https%3A%2F%2Fresearchpanel.questionpro.com&contact=research-panel%40questionpro.com
TikTok for Business,sa_tiktok_for_business,sa_general_tiktok_for_business_2026,https://questionpro-audience-recruiter.onrender.com/?audience=South+Africa+research+community&market=South+Africa&reward=Paid+opportunities+may+be+available&source=sa_tiktok_for_business&campaign=sa_general_tiktok_for_business_2026&audience_id=sa_general&dest=https%3A%2F%2Fresearchpanel.questionpro.com&contact=research-panel%40questionpro.com
Meta Ads,sa_meta_ads,sa_general_meta_ads_2026,https://questionpro-audience-recruiter.onrender.com/?audience=South+Africa+research+community&market=South+Africa&reward=Paid+opportunities+may+be+available&source=sa_meta_ads&campaign=sa_general_meta_ads_2026&audience_id=sa_general&dest=https%3A%2F%2Fresearchpanel.questionpro.com&contact=research-panel%40questionpro.com
Daily Maverick advertising,sa_daily_maverick_advertising,sa_general_daily_maverick_advertising_2026,https://questionpro-audience-recruiter.onrender.com/?audience=South+Africa+research+community&market=South+Africa&reward=Paid+opportunities+may+be+available&source=sa_daily_maverick_advertising&campaign=sa_general_daily_maverick_advertising_2026&audience_id=sa_general&dest=https%3A%2F%2Fresearchpanel.questionpro.com&contact=research-panel%40questionpro.com
Clickatell SMS,sa_clickatell_sms,sa_general_clickatell_sms_2026,https://questionpro-audience-recruiter.onrender.com/?audience=South+Africa+research+community&market=South+Africa&reward=Paid+opportunities+may+be+available&source=sa_clickatell_sms&campaign=sa_general_clickatell_sms_2026&audience_id=sa_general&dest=https%3A%2F%2Fresearchpanel.questionpro.com&contact=research-panel%40questionpro.com
BulkSMS.com South Africa,sa_bulksms_com_south_africa,sa_general_bulksms_com_south_africa_2026,https://questionpro-audience-recruiter.onrender.com/?audience=South+Africa+research+community&market=South+Africa&reward=Paid+opportunities+may+be+available&source=sa_bulksms_com_south_africa&campaign=sa_general_bulksms_com_south_africa_2026&audience_id=sa_general&dest=https%3A%2F%2Fresearchpanel.questionpro.com&contact=research-panel%40questionpro.com
